alert_key,probability
357307,0.0058790674
376329,0.00032414
373644,0.000372012
357668,0.00095310574
354443,0.0015136343
361128,0.0069096335
364753,3.5005054e-05
365254,0.001321919
375177,0.001554787
360609,0.15879552
362463,0.0018734791
371048,0.003724474
368703,0.0037718
376496,0.003925634
369160,0.003972957
373250,0.004030032
357108,0.008361213
377450,0.004570662
377489,0.005026442
369183,0.005235683
375786,0.005385378
367385,0.005790364
359961,3.632053e-05
372097,0.006369698
374437,0.006401459
372786,0.006596792
373652,0.007559706
368288,0.007959106
369001,0.008006123
357471,0.002041137
373249,0.008834857
371557,0.008879561
363442,9.513454e-05
367901,0.009127459
356228,0.0009714202
366990,0.009135589
353518,0.0007682564
366992,0.009441363
366277,0.009880656
370571,0.009940367
355197,0.00010212918
370278,0.010197381
376567,0.010612582
368268,0.010716221
368570,0.010855993
371768,0.011395877
369612,0.011830347
353241,0.14344199
364675,0.00067913934
358723,0.00017328371
354007,0.0029176844
376117,0.014458386
367018,0.01501238
370240,0.015028798
355816,0.0005211912
360063,0.0021202767
367684,0.015612938
354047,0.023974478
359605,0.010397534
358227,0.0018586011
366963,0.016728919
355808,0.062199067
367535,0.018295994
362125,0.04679022
356795,0.03609519
364626,0.001888378
371637,0.019504806
361856,0.06997003
369164,0.02014221
362723,0.023438504
356790,0.0016534628
372305,0.020667545
365739,0.020699391
370233,0.020822156
371793,0.020948872
356638,0.016990397
358254,0.00080906635
355751,0.0022475016
358216,0.005933181
367366,0.021555178
363261,0.00023161861
378018,0.021795172
359854,0.03834515
355188,8.4591185e-05
360842,0.0018586011
354853,0.0006734475
357485,0.001190716
376503,0.023545181
371279,0.024731431
358458,0.06997003
360264,0.0049839364
353868,0.0013015678
363136,0.001888378
361003,0.030362258
373477,0.027337354
376103,0.027387422
364190,6.539719e-05
374318,0.027579537
356306,0.0019156118
360401,0.005195684
354820,0.029232565
365325,0.028496917
367417,0.029011484
358172,6.40875e-05
353872,0.088205285
368580,0.029521743
366708,0.029583605
365595,0.030003257
359647,0.010351242
372343,0.030424574
360589,0.37779844
372795,0.030808095
371639,0.031022875
364695,0.053955987
370248,0.031223873
369444,0.031312298
355181,0.0048259073
367216,0.03199149
375775,0.032035504
378068,0.032059852
358331,0.0024523304
356245,0.00047647182
367533,0.032284223
374525,0.032570302
367893,0.033145636
376644,0.033315513
361282,0.06378461
376785,0.03374771
361270,0.0002879644
376080,0.03429141
368682,0.034779944
369990,0.0349497
355775,0.00090867927
359483,0.00067913934
364253,0.0024523304
375891,0.035530318
363763,8.4591185e-05
377761,0.036565557
363459,0.00027566415
376304,0.036748115
374936,0.03731236
365467,0.037457336
366252,0.03778036
361314,0.0054634316
372124,0.038220853
355384,0.04193244
361166,0.0040466664
357448,0.032046165
376098,0.04011275
357069,0.036928516
366687,0.04061584
374428,0.040738184
368724,0.04099415
367897,0.041180998
365876,0.04126582
378410,0.04144796
353835,0.00071796885
354842,0.0014028536
352876,0.0010964083
364678,0.09250861
376490,0.04354938
367421,0.043559883
363916,8.1316066e-05
372347,0.0447648
356951,0.00027566415
368577,0.0453743
356045,9.2234215e-05
371280,0.04555574
360011,0.0011199953
371626,0.04564972
354261,8.558219e-05
360409,0.03609519
357498,0.006620261
376073,0.046618443
375311,0.046857
359775,0.00013238566
353861,0.19778512
362890,0.07157613
366823,0.04776004
357507,0.004341448
357221,0.015862413
366696,0.04845185
359648,0.0146288965
357871,0.0027914231
366624,0.049753886
357671,5.677657e-05
364686,0.00015686953
375306,0.050212514
377933,0.05058435
355411,0.023505464
354673,0.007882115
368901,0.05156908
373256,0.05242631
370153,0.0525211
371749,0.052567545
353860,0.013226307
370243,0.05267983
356784,0.00018852063
357509,0.062199067
364640,0.00045247824
369808,0.053680886
354049,0.00018852063
361566,0.00017328371
369145,0.054632418
368524,0.05494328
354246,3.389634e-05
367543,0.055378567
375035,0.05545563
367691,0.05546729
367217,0.05547074
363771,0.008361213
359340,0.00038601688
370161,0.056338873
365578,0.056457028
353385,0.028241748
358046,0.00030768765
374575,0.057253458
367418,0.057332605
372812,0.05771978
374463,0.05799436
357882,0.00052998116
358808,0.00024450215
357222,0.0066903727
365617,0.058876902
378407,0.058974672
360566,0.0069096335
363102,0.0003047969
373444,0.059641793
369593,0.060129162
364319,0.062199067
353888,0.0006734475
369464,0.060959715
357324,0.0007614046
363320,0.0021008013
362725,0.09682934
372794,0.061936114
377432,0.06204422
371421,0.062414948
375460,0.06262585
374577,0.062745415
374600,0.06282582
353200,0.0021710156
377808,0.0631284
357128,0.15879552
369186,0.063356474
357297,0.00037918388
370276,0.06360522
360576,8.5954736e-05
365579,0.06382601
370256,0.064432055
365349,0.06452923
369617,0.064546786
367888,0.06473991
370918,0.06507957
372959,0.065081574
365750,0.065176286
360553,0.0001627378
360596,0.00010212918
355202,0.00041688277
360387,0.0059579075
364293,0.00018248681
354595,0.00021885156
366062,0.06701534
373254,0.06704276
361133,0.0014492928
361136,0.0023162884
374929,0.06784503
373237,0.06812026
358178,0.0014492928
376890,0.068410195
354663,8.1316066e-05
377801,0.069032855
367574,0.06923802
355155,0.026385643
355378,0.00013253065
357488,0.0021202767
363863,0.00045247824
363284,0.00723537
367422,0.072403714
363886,0.13469483
375931,0.07315408
364165,0.0018352354
367170,0.073753946
357661,6.7845256e-05
364302,0.11425845
374464,0.07433751
363478,0.00020049082
363289,7.80377e-05
361848,0.0009785617
356418,0.00010212918
373804,0.075810775
357287,0.0011968999
357322,0.022987535
362586,0.003419126
377954,0.07763103
367370,0.07818028
369395,0.07844815
375995,0.07902786
372636,0.07906184
355196,0.062199067
355397,0.01215851
364734,0.0026406092
354211,0.00021885156
374429,0.07956214
368544,0.07959847
369619,0.079705305
369455,0.08000591
378106,0.0810968
366077,0.08116953
356395,0.00036346377
368742,0.08156618
367726,0.08186283
362735,0.008503383
364316,0.0044921786
369816,0.08318741
358569,0.0004917139
373405,0.08342151
370724,0.08401015
358040,0.0052853283
354417,2.6716796e-05
355801,0.006620261
372901,0.08591786
373383,0.08620297
371622,0.08773255
365771,0.08775415
377454,0.08875233
377351,0.08889052
357064,0.00024374986
361456,0.0007614046
372803,0.08947434
362823,0.00067896815
357905,0.0006734475
369344,0.08969803
365908,0.089698434
369945,0.08973493
364201,0.0006734475
377798,0.09000987
373805,0.09026315
373825,0.09140481
368990,0.09167024
356789,0.00033401034
360833,0.008718655
377610,0.092420004
376640,0.09242924
376215,0.09270967
352651,6.928365e-05
360254,0.0012081504
375567,0.09327721
352558,8.707997e-05
362226,0.001249237
378082,0.09409146
360572,0.00039857088
369323,0.094582535
373235,0.09462335
375292,0.094651386
368098,0.09468092
361576,0.0029305483
366676,0.09491423
365251,0.09560516
356214,0.00071796885
375409,0.096135065
356017,0.00016422397
365326,0.096364506
361431,0.00029714257
354607,0.0034870247
377604,0.0967374
366516,0.09680235
354642,0.0001325802
366717,0.097704545
370834,0.097713895
362131,0.00031877053
366707,0.098529175
352249,0.00045247824
378404,0.09941672
356612,0.00037918388
354928,0.0001527529
367398,0.100402996
371289,0.10083121
371058,0.101024404
372843,0.101469114
375901,0.10211581
365618,0.102405205
359371,0.0052156756
368745,0.10305194
374116,0.1031406
358199,6.7845256e-05
367552,0.1038021
356588,0.0027582871
355090,0.008393342
355418,0.022987535
361617,0.04480252
370551,0.10437465
368414,0.104392506
367389,0.10443925
366859,0.10456869
362147,0.013226307
367410,0.10517104
366598,0.105205454
361008,0.013377478
366121,0.10538789
361706,0.0015474698
371969,0.106278606
358482,0.00085605157
372702,0.10783801
355558,0.09682934
355762,0.0029077635
374098,0.10886847
367003,0.10892071
369187,0.10946544
354448,0.010418328
375315,0.11011693
354218,0.0040555415
370380,0.110200115
370266,0.11020914
367518,0.11049874
359732,0.00038601688
369472,0.110845864
366125,0.11091416
371405,0.1111557
358443,0.0073508974
372540,0.11152643
376216,0.11159539
370733,0.1116494
357849,0.00069676235
354780,0.20863728
366082,0.11221204
353172,0.00014825929
354054,0.0018354224
369299,0.11272259
376235,0.11297122
366666,0.1132526
368422,0.11355333
358464,0.004959404
360604,0.0019313828
372678,0.11439978
371773,0.11452964
356216,0.0010460125
366821,0.11523895
355753,0.001625953
376919,0.11583484
355204,0.00053365366
361822,0.05014163
357259,0.00025413968
369177,0.116772436
356410,0.00067913934
352343,0.00073073525
353878,0.00052868394
360232,0.22544757
364977,0.0002510149
360079,0.00053365366
373121,0.11849987
355179,0.0034805553
366104,0.118845865
376684,0.11898405
356316,3.632053e-05
360034,0.0011314534
359639,0.006815674
369876,0.11971872
354245,0.0001325802
377775,0.12014669
377464,0.120158166
377202,0.12051272
364038,0.0068709487
364184,0.00027566415
372130,0.12147776
354177,0.0066903727
370913,0.122025944
364278,0.0012062462
374328,0.12273051
368043,0.122784145
378102,0.124209516
354831,0.002578812
370005,0.1254438
377196,0.12552056
364169,0.12411779
371926,0.12571274
365262,0.12624297
362298,3.0941927e-05
370220,0.12639897
358472,0.00053365366
363746,0.005474493
373238,0.12781581
363909,0.003942007
376811,0.12787485
373654,0.12808836
361711,0.09682934
358248,0.0037337064
356949,0.006090492
371801,0.12840904
357715,0.0005348037
365320,0.12862419
376995,0.12877062
357866,9.513454e-05
364318,0.0004888943
370886,0.12944737
370899,0.1295085
376986,0.12964457
368560,0.12987798
373813,0.13101555
354603,0.0040555415
358850,0.03609519
369968,0.13155788
371300,0.13173513
373950,0.13175292
372907,0.13180225
371825,0.13202775
370142,0.13240312
359377,0.0074768686
372558,0.13312261
358036,0.00010050505
366094,0.13380638
355909,0.0008600438
370582,0.13422032
374554,0.1342645
361690,2.3800036e-05
377037,0.13467984
357478,0.013317239
364454,0.013360025
376349,0.13534713
356742,0.0001527529
365247,0.13563165
353549,0.00094826304
354260,0.0059495796
358593,0.0026639174
374434,0.13660197
376668,0.13687293
354661,0.00072658894
375618,0.13729508
364191,0.0019156118
363143,0.0013618629
363472,0.0014028536
364717,0.052382592
360998,0.0011955224
360820,0.0005961674
369325,0.13868833
378049,0.13888441
356966,0.0046767215
371286,0.13951908
356624,0.023505464
372962,0.14066745
368998,0.14101586
364667,0.00040839257
377467,0.1418014
371601,0.14182629
358250,0.00015495592
364735,0.030362258
367178,0.14266902
371407,0.14291516
363569,0.0001527529
375437,0.14307281
361552,0.10856051
371299,0.14397165
367355,0.14401457
355822,0.035019748
359131,0.1321384
354609,0.0053274375
368993,0.1449883
368051,0.14585216
358252,0.029232565
370560,0.14601573
353236,0.0014028536
358946,0.00073848135
368083,0.14628178
378380,0.1463945
365186,0.14641191
369126,0.14665715
372357,0.14687504
358834,0.00289597
375474,0.14737695
374452,0.14833412
376901,0.14854664
356246,0.006090492
358273,0.0014028536
366697,0.14962399
366881,0.14975317
367731,0.14991233
365166,0.15012412
362225,0.049504995
358455,0.00067913934
377952,0.15069228
359642,9.2234215e-05
369991,0.15126424
359656,0.049504995
360652,0.002578812
367341,0.15161003
358993,0.09047779
376781,0.15191841
361839,0.0010157034
352487,0.0013494586
360225,0.0003327854
369594,0.15279433
363767,0.062199067
366649,0.15303805
367549,0.15344942
352858,9.513454e-05
365310,0.15360418
357848,0.00081992237
373253,0.15375507
367513,0.15465528
363788,0.0026406092
369462,0.15475495
371786,0.15482418
370212,0.15493144
355791,0.016319279
367713,0.15543082
366126,0.1556566
360081,0.0014654276
364186,2.2097749e-05
355388,0.010351242
361298,0.0008781922
370152,0.15779148
353032,0.00021885156
376493,0.15857328
357237,3.4971355e-05
369629,0.15940794
369996,0.15978068
376108,0.15995985
357294,0.000649748
368565,0.16064677
374732,0.16078664
367010,0.16087613
357313,0.11659265
368382,0.1610966
377652,0.1619217
359652,0.052382592
367906,0.16264682
365768,0.16285512
361295,0.0042451373
369989,0.16339302
362955,0.016990397
367534,0.16352576
358229,0.056905072
366863,0.16408342
359499,0.00062204554
373210,0.16516627
355566,0.0031828694
376914,0.1659379
374462,0.16709155
364692,0.008603053
370268,0.1680395
354263,3.0941927e-05
366889,0.16861884
361143,0.00015495592
374770,0.168787
367388,0.16891809
359500,0.00053365366
365180,0.16907212
358235,0.004753228
361011,0.03219729
362227,0.030362258
363276,0.00045247824
361843,0.009805793
365409,0.17083457
356055,0.00037918388
368681,0.17232735
354662,0.0014087799
375911,0.17264451
367401,0.17309214
365270,0.17409165
373835,0.17410135
370167,0.17430753
378397,0.1747717
361024,0.016990397
361000,0.049504995
375602,0.17534107
356787,0.0018354224
365461,0.17574725
377303,0.17610024
362853,7.345049e-05
363588,0.03834515
366059,0.17640483
370900,0.17665185
367633,0.17703831
353047,9.2234215e-05
352254,0.00049924443
367372,0.17841762
367874,0.17855184
377792,0.17884919
358033,0.0020810885
360567,0.0074768686
356140,0.0023951547
371589,0.18034886
352685,0.0048259073
362871,0.010920261
365734,0.18082984
358253,0.12435548
369012,0.18124086
355795,0.0029627767
361280,0.00067913934
371970,0.18240824
358144,0.00014053719
367550,0.18278265
366502,0.18279354
368380,0.18291496
365769,0.18313959
374140,0.18321498
360288,0.0059010885
355436,0.00036544574
373460,0.18410702
374126,0.18417515
354854,0.005427638
361286,0.0028567065
363137,0.00049132196
356632,0.0007614046
371971,0.18530199
355673,0.0011314534
372810,0.1856838
354413,0.000103404986
375060,0.18620412
376093,0.18623944
367185,0.18636021
365589,0.18686268
361296,0.004959404
359362,0.0036764368
355222,0.15879552
357116,0.00053365366
355667,0.20253356
354824,0.006090492
372512,0.18828696
364109,0.0060762204
373992,0.18926898
377624,0.18932743
359828,0.0045707803
364193,0.009264603
378186,0.19005361
366845,0.19045883
374919,0.19097136
353209,9.513454e-05
367409,0.19127303
360847,0.03834515
372692,0.19146894
370902,0.19152464
371250,0.19160216
364739,0.0015474698
362483,0.008361213
356303,6.539719e-05
354612,0.00022493585
373105,0.19374274
357701,0.0018586011
353213,0.0027914231
373452,0.19408064
356859,0.0060762204
363896,0.0021008013
358616,0.005189272
375696,0.19475378
365246,0.19512829
367733,0.19527875
360037,0.0034805553
355147,0.0011799594
375442,0.19570976
355362,0.00021885156
356601,0.00025272276
357081,0.00060694193
366888,0.19610143
355761,0.00017328371
360018,0.0010623023
365073,0.0060762204
373461,0.19714104
365735,0.19733453
370569,0.1976129
354616,0.00027444158
374315,0.1980521
374920,0.19823587
352866,0.00013238566
360562,0.010625774
367191,0.19979042
375049,0.20000401
360292,0.00029376018
364986,0.0015474698
360293,0.016990397
358264,6.539719e-05
358721,0.0046333494
377455,0.20123029
355776,0.21475402
359498,0.00041688277
360058,0.0040375735
375784,0.20274724
365313,0.20281813
373091,0.20285335
362153,0.00027566415
374113,0.20297994
354226,0.002436364
368734,0.20334868
365420,0.20351131
375210,0.20365417
370287,0.20397036
371411,0.20466657
366693,0.2047175
369784,0.2047668
366108,0.20494537
356611,0.0024112966
364195,0.00019997553
372136,0.20509413
360046,0.00031519344
359768,9.513454e-05
370538,0.20552485
357442,0.0011799594
359255,0.0146288965
362273,0.0007614046
360997,0.01683503
367688,0.20695502
375293,0.20759702
376889,0.20783503
368416,0.20821539
370187,0.2086135
362930,0.031629816
367334,0.20897216
372683,0.20925833
373683,0.20994347
362800,0.0060762204
371642,0.21057251
358063,8.1316066e-05
358195,0.00045238034
375297,0.21138899
363040,0.0075602103
361589,0.0046767215
371609,0.2119391
358066,0.016990397
376646,0.21232226
370125,0.21258682
365197,0.21270955
372255,0.21271719
366674,0.21291117
352472,0.00032197818
375457,0.21360083
374292,0.21391177
360954,0.0066903727
374330,0.21465427
358970,0.00039510935
362208,0.09250861
378426,0.2159537
355757,0.0010478337
366853,0.21673582
366498,0.21687247
361860,0.0008781922
368246,0.21722387
365460,0.21750003
367218,0.2179404
369625,0.2181606
357695,7.906849e-05
372090,0.21902092
366273,0.2192239
368974,0.21961744
353059,0.0022346813
367724,0.22019139
371618,0.22058044
355813,0.00010377422
370382,0.22060603
375615,0.22068642
372796,0.2209963
367847,0.22131793
365415,0.22159408
364706,0.00053365366
354804,0.0027914231
371605,0.22385725
364488,6.539719e-05
367523,0.2245153
365761,0.22486839
368733,0.22492558
376657,0.22508931
356968,0.0005455758
366954,0.22520822
360088,0.035019748
364020,0.002193429
353396,7.906849e-05
364751,0.0050060265
355156,0.0006179299
361001,0.001249237
361857,0.0015136343
372251,0.22769098
356765,0.027623706
365269,0.22815144
369814,0.22823633
364315,0.0015136343
354220,0.00380017
368675,0.22848038
372888,0.22899826
355705,0.00031519344
377783,0.2296104
364983,0.0016312514
366490,0.22966543
358138,0.0005333353
361446,0.0055561364
377797,0.23039523
369015,0.23046154
374784,0.2304692
352329,0.11659265
369279,0.23090091
354788,0.0013561113
367743,0.23249742
359654,0.011032825
356300,0.002578812
357458,0.0015133375
364312,0.00015686953
368858,0.23358451
374758,0.23526342
376242,0.23542424
371417,0.23576935
371047,0.23617056
372569,0.23697443
355806,0.0015136343
371771,0.23747471
354630,0.00049119553
368518,0.23808362
365272,0.23814175
353233,6.539719e-05
365206,0.23838557
359134,0.09682934
354836,0.006649082
367577,0.2388261
365432,0.23883265
354790,0.00014053719
355380,9.2234215e-05
369176,0.23919977
360651,0.0013015678
357107,0.062199067
361705,0.011873971
371264,0.23954734
371254,0.23967262
374754,0.24024652
364770,8.1316066e-05
369982,0.24044025
358071,0.028080866
359653,0.00037918388
373467,0.24124828
358481,0.15879552
357702,0.03834515
356407,0.0008810107
372309,0.24167025
362953,0.00028530433
358207,0.00038774512
355756,0.004314958
372231,0.24232887
357682,0.028241748
359477,0.0005968388
365195,0.24289036
369465,0.2433949
359607,0.00723537
357497,8.4591185e-05
359610,3.8439644e-05
352686,0.01121902
361450,0.030362258
356629,0.00056819856
372689,0.24626501
374939,0.24703851
357233,0.00052998116
366662,0.24746008
357089,0.016319279
367392,0.24863239
360516,0.00094826304
362285,0.093254134
364041,0.00401024
352497,0.03834515
371655,0.25048837
377639,0.2510634
375601,0.25111368
371636,0.25126818
356037,0.0007452367
365383,0.2519696
355724,0.0046350607
354446,0.0004888943
358001,0.00045247824
363918,3.0941927e-05
376906,0.2532959
358977,0.00067913934
376123,0.25401843
373958,0.2540193
371393,0.25410968
374913,0.25417137
366689,0.25446138
359244,0.15997642
364200,0.00060303195
364289,0.0001318828
353545,0.023252249
363770,0.00010212918
354810,0.001181345
365888,0.25625372
364176,0.00039857088
378403,0.25717583
361303,0.00062204554
361118,7.345049e-05
353248,0.0075602103
356484,2.8173185e-05
354619,9.2234215e-05
369815,0.2591264
355426,0.0010007618
363905,0.049504995
371832,0.2597202
352700,0.008361213
370155,0.26033437
373245,0.26098165
368573,0.26103655
362458,3.505025e-05
353847,0.0027914231
357862,0.12550977
364601,0.19657305
378223,0.26270795
371625,0.26299053
370370,0.2632742
367201,0.26358125
378094,0.2638604
375463,0.2642229
361137,0.00017328371
356884,0.00038601688
374630,0.26452577
378239,0.26469192
369192,0.2650431
358214,0.0145564405
375478,0.26519343
376980,0.26519734
378027,0.2651988
376348,0.26540014
362472,0.0009785617
368214,0.2663552
374419,0.26718253
370134,0.26835382
355403,0.049504995
358849,0.5618223
364694,9.2234215e-05
364597,0.001471638
373814,0.27041006
352704,0.039481226
358708,0.0036764368
356763,0.0005035717
358008,0.0004917139
377333,0.27172402
362242,0.0046767215
357677,0.0021120652
359837,5.677657e-05
376226,0.27260235
354447,0.062199067
369818,0.2727358
361020,8.1316066e-05
359863,0.00025348703
368680,0.27360123
352696,0.0015136343
371270,0.27486813
358281,0.14344199
374426,0.275008
356918,0.005329174
362490,0.00020125213
357124,0.003624832
374918,0.2765907
372806,0.27686578
355392,0.052382592
373384,0.2780089
358430,0.038408265
363753,0.086421646
365001,0.004753228
372109,0.27887723
358222,7.906849e-05
357086,0.0033660573
359674,0.017337311
358064,0.00028530433
366524,0.28014264
368658,0.280216
360558,0.02191005
364666,0.00026686382
353494,0.008393342
355420,0.0007614046
368728,0.28124776
365429,0.28165913
375913,0.2817762
360286,0.0046350607
360583,0.0021202767
366207,0.28262752
372765,0.28270808
358054,0.003942007
365569,0.28310573
366872,0.2831284
367885,0.28314736
360386,0.002251106
376885,0.28479192
365863,0.28480962
368930,0.28511629
360649,0.00027566415
372701,0.2856198
377361,0.28563726
365756,0.28643695
366688,0.28659198
375610,0.2866079
365621,0.28698698
369430,0.28715122
378103,0.28732234
363895,0.0146288965
358605,0.0101984115
353579,0.0044921786
378395,0.28829587
373896,0.28838718
364693,0.0004888943
364624,0.0004181054
376911,0.28951243
357892,6.539719e-05
357115,0.00023044056
366683,0.2898372
368389,0.28993556
369294,0.29001722
364673,0.0043502194
372657,0.2911911
365889,0.29155758
377203,0.2916155
363138,0.0022357502
367744,0.2917815
377777,0.2920836
371267,0.29240307
363149,0.00723537
367894,0.2924424
365322,0.29279083
366265,0.29282412
373243,0.29296097
371571,0.29300693
355815,0.0014654276
374134,0.2935277
359469,0.0006179299
355428,0.016990397
359668,0.11659265
376897,0.29500872
370523,0.29536152
365910,0.296164
357489,0.0034805553
367019,0.2962044
369014,0.29648408
354679,0.012145682
358030,0.00025272276
360985,0.010283112
371292,0.2972253
375889,0.2975362
377774,0.29797685
366090,0.29798007
360563,0.10856051
356424,0.0014654276
357502,0.37779844
359268,0.0003203065
366831,0.29837218
357656,0.0001527529
365733,0.30029568
359084,0.001522597
377320,0.30073366
368602,0.30083573
376658,0.30090803
369302,0.30181867
371076,0.30207872
364307,0.0009988943
372770,0.30246755
357885,0.029232565
371360,0.30278555
355810,0.008361213
357506,0.0015136343
359247,0.09250861
361436,0.00013798331
365904,0.30378532
372782,0.30402088
372222,0.3041032
376091,0.30413085
362171,0.00045247824
369460,0.3045029
365407,0.3046336
364705,0.00062204554
370731,0.30554354
357090,0.0021202767
359941,0.002578812
366709,0.30576414
353388,0.002214009
374757,0.3058384
364261,0.00073848135
362002,0.09682934
357106,0.0004888943
354239,0.052382592
372704,0.3077653
367892,0.30783468
372570,0.30796772
359841,0.012198464
360654,0.009264603
362733,0.00044080138
373369,0.30891398
373442,0.3092821
368258,0.31045794
376873,0.31046903
363304,0.0011884935
357706,0.00018852063
368582,0.31103522
375471,0.31207782
357699,0.00020616087
357870,0.022597894
366519,0.3124073
365753,0.31242597
365387,0.31251615
374620,0.3129753
367222,0.31312653
359852,0.023438504
372310,0.3135271
354834,6.539719e-05
360979,0.09250861
359506,0.0030739682
357274,0.030987618
377157,0.31451222
353865,0.00027566415
373932,0.31488717
356314,0.0006734475
378401,0.3155974
371550,0.31562108
353033,0.0007452367
355429,3.0941927e-05
358421,0.20253356
377767,0.31668174
373111,0.31671795
354814,0.00017328371
369193,0.31767434
366517,0.3178148
370141,0.31812897
371402,0.31837496
361778,0.0060762204
365869,0.31878284
374074,0.31945935
356068,0.0007614046
369825,0.3198768
356058,0.05294823
358434,0.036928516
353413,0.0018354224
363345,0.016990397
361408,0.00045247824
362851,0.1634254
368730,0.32284883
352492,0.00020616087
371796,0.32340562
355375,0.11959069
374320,0.32397327
378215,0.324144
374608,0.32446077
360279,0.0003359743
355525,6.7845256e-05
370168,0.32562858
362866,0.00039857088
371957,0.32566214
356781,0.03834515
355916,0.005427638
364698,0.008361213
355557,0.021149017
375053,0.32820946
361292,0.0015136343
357888,2.2097749e-05
368099,0.32882977
357700,0.00058667787
369452,0.3288921
377964,0.32934096
377648,0.3297497
357321,0.0034805553
369431,0.32985917
368601,0.32994443
364189,0.002578812
358841,0.002746927
372129,0.33050337
369005,0.33051574
354942,0.0008216618
355434,0.028080866
360053,0.013805373
369022,0.33111945
371627,0.33117682
357261,0.00021885156
367846,0.3314739
356384,0.0034805553
378075,0.33171648
370907,0.33179978
363902,0.011032825
374302,0.33258718
378229,0.33281115
354254,0.11659265
373996,0.3331643
374114,0.33341447
369971,0.33344373
367914,0.33400038
377480,0.33402982
358228,0.1321384
359201,0.0060762204
373446,0.3346859
361160,0.0006734475
374115,0.33515015
366259,0.3353445
376669,0.33596867
366242,0.33611175
366081,0.33630627
373232,0.3363188
359658,0.0055561364
365414,0.3366162
370712,0.33690107
370817,0.33692843
358819,0.0001527529
361866,0.00023044056
376478,0.33800605
369975,0.33812493
360846,0.09682934
376908,0.3383456
360648,0.00066165585
360396,0.001539035
368383,0.33933234
368395,0.3400844
358968,0.00077264715
366980,0.34061587
366978,0.34095007
371795,0.34106252
352307,0.0020810885
371520,0.34147123
367425,0.34160858
376092,0.34196025
356608,0.0052853283
359141,0.5618223
360593,0.0004888943
358044,0.01683503
354015,0.00018609637
375776,0.34242055
375408,0.34290493
374294,0.3429472
369992,0.34343195
360591,0.0015136343
365909,0.34361932
357705,0.0023858221
371599,0.34368837
378304,0.34393272
352253,0.0066903727
369456,0.34463245
367360,0.34512454
365410,0.34570205
362864,0.0074768686
367545,0.34602875
374903,0.34605616
360015,0.0016304394
375063,0.34634894
354432,0.01121902
372099,0.34789756
352880,0.030633768
378230,0.34837845
376336,0.34855705
367176,0.34858426
369028,0.34874997
356589,0.0007452367
361144,0.010920261
367544,0.34910274
358470,0.00041688277
356630,0.0046350607
355814,0.00053365366
366799,0.34966168
352291,0.0009590974
365439,0.34972537
363751,0.016319279
371634,0.3499012
368084,0.3500635
368729,0.35205558
353568,0.0011066968
354828,0.09515737
369904,0.35271084
375178,0.35315844
376232,0.3536006
358911,0.0060762204
376909,0.35371506
363158,0.002945797
360282,0.0008130144
375557,0.3543323
368547,0.3545655
372248,0.35476854
370919,0.35487393
371106,0.35536662
352670,0.022394812
371271,0.35539216
370697,0.3554052
360923,0.0060762204
369949,0.3559485
374402,0.3560477
377364,0.3563635
367558,0.35661197
370736,0.3566332
362247,3.632053e-05
361836,0.001888378
356311,0.0008600438
364780,0.5044307
373972,0.3570452
372874,0.35725197
366960,0.35779375
374904,0.35815904
367174,0.35860103
361291,0.06997003
377476,0.3593934
367279,0.3595804
364045,0.00033401034
364468,0.00012632055
358604,0.0146288965
358258,0.0013015678
376618,0.3607376
359142,0.03609519
357466,0.00031685169
353540,6.928365e-05
358242,0.03609519
363131,0.08271051
362154,0.0013015678
365265,0.36165228
363337,0.0007616259
373987,0.36173984
353586,0.00041688277
366953,0.36243775
372879,0.36303663
361285,0.0009988943
367379,0.36321354
353415,0.00025348703
358733,0.003730602
366089,0.3644304
358960,0.00094826304
358989,0.00053365366
366243,0.36543202
358268,0.009264603
377451,0.36634362
367851,0.36635005
364223,0.04480252
364033,0.056905072
377213,0.36706614
366975,0.36723587
368212,0.36742657
358835,0.041335836
365413,0.36800793
377353,0.36815405
376495,0.36855832
371930,0.36866447
367929,0.36867526
371797,0.36876312
368853,0.36890817
363580,0.0074834884
356165,0.0045707803
363476,0.0046767215
357490,0.0048259073
367559,0.37130666
368832,0.37136412
367692,0.37174416
360391,0.0005211912
368585,0.3726193
357856,0.00013888767
361580,0.002578812
357302,0.0001325802
366928,0.37299538
370144,0.37324566
354569,0.0066903727
366977,0.37366405
364148,0.0005333353
355091,0.0018301569
361152,0.055110075
368077,0.37404957
359260,0.2758825
373650,0.37445942
362136,0.0074768686
354442,0.114699885
378391,0.3748375
367564,0.37485987
376358,0.37512
365445,0.37540495
356773,7.906849e-05
362481,0.0004888943
374765,0.37635136
376667,0.37655988
368405,0.37668687
373966,0.37721506
361284,0.00043495774
354966,0.00020616087
376861,0.3778988
353205,0.0059201764
367588,0.3779721
359946,0.0003473587
371978,0.37838268
371401,0.37854567
367900,0.37861124
370232,0.37912473
364467,0.01259247
371066,0.38018024
370561,0.3809233
354837,0.00053725793
353848,0.0034157839
364702,0.00041688277
371588,0.3819117
365892,0.38224122
369961,0.3824982
377642,0.38264582
373088,0.38340634
369252,0.38346836
377358,0.38401338
377922,0.3840141
363130,0.0135655245
368578,0.3846156
367727,0.3849743
378428,0.38551724
376900,0.38555434
362848,0.04679022
374308,0.38596588
352654,0.001471638
366964,0.3864128
376109,0.38677016
365424,0.38677758
356752,0.00055031205
357693,0.0013494586
376299,0.3872777
354821,0.19778512
354013,0.0001527529
357447,0.00031178482
370137,0.38810685
373674,0.38836637
362855,0.013360025
365902,0.38840625
364470,0.013226307
361845,0.0011066968
356034,0.00021885156
372909,0.38913134
360989,0.0020637529
369154,0.38969263
373114,0.38981947
373095,0.39000535
353220,0.00039857088
357341,0.0014087799
371628,0.391215
367381,0.3912979
375209,0.39150184
358588,0.0005419091
374601,0.3919181
364495,0.001568501
367020,0.3923421
362736,0.00088465645
368660,0.39319807
368047,0.3934448
362916,0.0055381185
357100,8.4591185e-05
366686,0.39395583
373933,0.39414588
361854,0.0028567065
355556,0.0018586011
358300,3.632053e-05
366085,0.3953995
354911,0.001931654
365619,0.39553067
363145,0.0021202767
354618,0.00025272276
356016,0.00723537
367187,0.3962005
369972,0.39692557
369469,0.3971467
354428,0.016012061
364484,0.002578812
363167,0.0001582674
368747,0.39896783
357717,0.00025348703
375617,0.3993627
370843,0.3998376
355729,0.00014053719
360400,0.1321384
363023,0.0046852054
354669,0.017337311
376110,0.4009197
366511,0.4011196
352691,8.4591185e-05
358442,8.5954736e-05
354465,0.035019748
375782,0.40286893
356605,0.0001791878
370554,0.4032865
354943,0.0004501081
360231,0.00016422397
359781,0.00072063366
362142,0.00013238566
371950,0.40461302
369984,0.40486678
367212,0.40487358
353592,0.001142824
372245,0.40493134
354813,0.00039857088
368407,0.40506983
376653,0.40517458
361158,0.00075701985
372811,0.4053601
360584,0.00067913934
367889,0.4064088
374127,0.40643662
372451,0.40669808
378076,0.40719947
376836,0.40730688
359269,0.002616037
371016,0.40750295
355376,0.002436364
373362,0.40803936
360041,0.0006179299
375470,0.40910056
364304,0.02804558
369332,0.40977174
368081,0.4098912
355361,0.0015599978
359390,0.00027566415
364455,0.004863061
360072,0.0015136343
358037,0.0146288965
371275,0.41065553
367420,0.4106734
363441,0.004863061
360078,0.00010377422
377601,0.4114344
369441,0.412113
355386,3.3404373e-05
353566,0.011005726
374756,0.4125439
367411,0.41301394
367872,0.41303495
361574,0.010920261
357455,0.00094826304
365438,0.4138429
356195,0.03609519
356745,0.00016530721
373257,0.4147707
375774,0.41516626
359857,0.0018354224
362152,0.010920261
368716,0.41585967
365468,0.4160543
367358,0.41691488
372903,0.41774654
361559,0.0074768686
372201,0.4177854
368902,0.41833058
373476,0.41857094
352337,0.0014087799
373112,0.4191954
354262,0.017337311
375763,0.41976583
354818,0.020578062
373675,0.41988152
362450,0.00094826304
354930,0.00016530721
359467,0.001471638
356156,0.0007583184
354759,0.00049924443
375197,0.4210237
374624,0.42118084
355364,0.0007452367
353589,0.0002419014
374551,0.422711
369296,0.42273542
376679,0.42285994
353234,0.006649082
366275,0.42327043
368066,0.42360723
364150,0.0001627378
361835,0.0073508974
354628,0.010351242
374776,0.42467612
370711,0.42468563
355555,0.00020616087
367567,0.42544243
373667,0.42600486
371071,0.42630088
359945,6.539719e-05
369630,0.4267061
373443,0.42698306
374325,0.42705068
361570,0.013226307
364321,0.008361213
368819,0.4275228
352298,0.00022493585
361550,0.0042938655
377497,0.42805958
370557,0.4284793
361002,0.0055561364
354223,0.00022493585
366838,0.42892656
358621,0.0046350607
369792,0.4294649
370743,0.42965564
357304,0.0065968833
361278,0.0021202767
371037,0.42984426
362858,0.10856051
376049,0.42991087
377857,0.4303765
358432,0.0006179299
361302,0.00041688277
356969,0.00060303195
358239,0.002696992
370889,0.43228734
365448,0.4323708
375282,0.4325839
359487,0.0009988943
354973,0.0018354224
377628,0.43322855
361581,6.539719e-05
367383,0.43422818
357327,0.00058116147
362934,0.30749214
372958,0.43468243
365559,0.4348106
364452,7.345049e-05
352330,0.0098109655
355347,0.0066903727
376088,0.4352585
358167,0.0059201764
374107,0.43616962
360388,0.0013886271
377473,0.43675458
354407,0.036928516
363455,0.0037337064
368852,0.43725336
374122,0.43736392
371963,0.43820235
364610,0.0007812388
364303,0.016319279
377793,0.4385636
357841,0.0005333353
358726,0.001031939
355755,0.0074768686
371624,0.4394811
355827,0.15879552
369604,0.43994337
375265,0.44020668
365704,0.4405071
353386,0.009410554
372352,0.4407807
373657,0.44108576
374305,0.44119874
361837,0.01199663
370707,0.44129747
368709,0.44139153
361689,0.0006096547
368139,0.4418839
369007,0.4419138
372914,0.44216633
356429,0.035019748
360577,0.0073508974
362479,0.06997003
376979,0.44264892
361592,0.0006734475
363339,0.0007614046
376887,0.4432908
371379,0.4433885
367578,0.44365972
372893,0.44398004
361864,0.002945797
374769,0.44481048
370369,0.4448289
364023,0.0028227055
361015,0.001031939
368827,0.44590634
370384,0.44595844
358828,0.022030426
373392,0.44697833
371406,0.44709405
360147,2.8173185e-05
352503,0.0016534628
359737,0.0023951547
360069,0.006620261
375051,0.44818512
367871,0.4492077
377479,0.4496322
377472,0.44969702
359959,0.0006734475
360263,0.0146288965
353879,0.0014028536
355548,7.906849e-05
367213,0.45087445
354970,0.00021118608
352705,0.00041688277
361998,0.1321384
375185,0.45276892
366847,0.45281896
369432,0.45302466
363346,0.00930908
370719,0.45373967
356409,0.02804558
373672,0.45528618
356305,0.006649082
361273,0.011139895
372358,0.45579946
359925,0.0060762204
374172,0.4558716
368038,0.4560959
367903,0.456142
373436,0.45626047
353823,0.0005333353
361859,0.0029160203
372261,0.45805445
364724,0.01683503
358298,0.0006734475
354045,0.03834515
363900,0.01683503
361445,0.00040463114
364778,0.016990397
355716,0.0005333353
360062,0.0008810107
369121,0.4601082
361266,5.0702176e-05
369029,0.46069935
352819,0.0018325853
377607,0.46102163
372328,0.4610966
371062,0.46130922
376227,0.461428
362947,0.0050060265
358601,0.0011968999
359638,0.002436364
371620,0.46202755
352484,0.0025710282
372781,0.46211827
366680,0.46230236
357858,0.00041117257
364323,0.00041688277
377778,0.46434033
355772,0.09515737
367198,0.46513405
352680,0.0009871536
360085,0.009966529
374632,0.46596855
364592,6.928365e-05
357303,0.001249237
357874,0.0021612635
365588,0.46654972
363774,0.0002608041
373964,0.46701974
353077,0.0007614046
365875,0.46739027
355737,0.00035268953
359785,0.010625774
373271,0.46777514
353890,3.632053e-05
354604,0.0003218091
357468,0.0007812388
356736,0.0115989195
363328,0.049504995
364603,0.011163315
360029,0.20253356
354819,0.00015495592
366982,0.4694898
368167,0.47004953
367380,0.47008887
355424,8.1316066e-05
352312,0.0009737525
357292,0.0001186407
372804,0.47091112
357712,0.00014712563
376476,0.47124454
362715,0.0036626086
365244,0.47193637
353376,0.00014854938
369474,0.47313365
374131,0.47348586
356372,0.0010623023
371069,0.47417092
370539,0.47435436
358280,0.8050289
376881,0.47550824
364464,0.0004886725
368401,0.47594306
355402,0.0001325802
359398,3.632053e-05
370219,0.47753584
358034,0.016220994
363756,0.0048259073
353843,9.513454e-05
369024,0.4781648
367562,0.47862157
359848,7.906849e-05
369965,0.47868866
374303,0.47879645
365558,0.47894377
360814,6.7845256e-05
354633,0.052382592
369328,0.47964185
369986,0.47994655
375203,0.48069036
355740,0.004863061
354670,3.0941927e-05
357291,0.00034841007
358837,0.0028227055
352692,0.0020459616
367016,0.48216078
369306,0.48293912
354440,0.031106161
361545,0.04679022
367524,0.48361194
371288,0.48364547
377349,0.48434514
356248,0.0013015678
357318,0.00028661898
354629,0.0146288965
359468,0.013286003
363571,0.0045707803
373670,0.48670015
377457,0.48727903
360521,0.0006656684
364687,0.06997003
359762,0.0010460125
357482,0.002697319
378245,0.48795956
361145,0.04679022
355545,0.00016803876
364670,0.00021885156
374731,0.4884653
365271,0.48857465
355171,0.0012981922
359365,0.04679022
367704,0.4893929
369336,0.48952687
373391,0.48975435
375450,0.48976165
373275,0.48998535
359339,0.00023161861
363590,4.0978277e-05
364964,0.0065001603
358626,3.0941927e-05
370547,0.49112165
367234,0.4916742
367703,0.49176398
373931,0.49192616
355546,0.0014845852
377962,0.4925809
365587,0.49269563
365731,0.49338192
364729,0.0034805553
370230,0.4942751
363157,0.00041688277
354968,0.03834515
377356,0.4946306
373124,0.49468017
358740,0.0046767215
373109,0.4947571
377459,0.49496162
364163,0.004863061
375919,0.49576882
371260,0.4959316
375312,0.4962141
362914,0.0005771327
373252,0.49660343
374593,0.49667373
353875,6.539719e-05
368701,0.49692565
361986,0.0001519991
367648,0.49879304
364728,0.30749214
357861,0.0071501615
365430,0.4997726
369468,0.49978995
374610,0.49986717
369944,0.49993286
368259,0.5000791
363034,0.0003910232
374741,0.5005051
354625,3.3404373e-05
368673,0.50078285
370223,0.5010261
370703,0.5010822
364926,0.0011692853
364332,0.0007583184
364599,0.0011314534
366682,0.50249624
373475,0.50253433
364460,0.12411779
361594,3.632053e-05
372533,0.50350016
368234,0.5042972
355146,6.928365e-05
363712,0.0060762204
366631,0.5047498
355540,0.00052268343
355389,0.0146288965
375605,0.50503755
375609,0.5050756
358975,0.0021202767
356220,0.0042335973
364011,0.0005211912
357295,0.010413006
373684,0.5062701
376335,0.5063106
356403,0.0040375735
368286,0.5068454
376339,0.5069082
365436,0.50730115
357526,0.009534425
355198,0.008361213
366491,0.5075921
364715,0.0146288965
357209,0.00045247824
362952,8.1316066e-05
362891,0.00045247824
370221,0.5094241
372112,0.5103851
366064,0.51058
373967,0.5108022
375751,0.51132894
371810,0.5115434
369486,0.5118
360655,0.0027892815
368723,0.5123438
359954,0.0008600438
376904,0.5128286
367378,0.5129191
366654,0.51350725
376825,0.51379037
365207,0.51382184
352476,0.004809828
362015,0.03609519
355521,0.0001527529
359777,0.00039857088
373213,0.5144701
374908,0.5150815
360610,0.0054634316
356950,0.037497424
363584,0.0028227055
355561,0.00018852063
367556,0.5161596
366993,0.51634616
370578,0.51661
375932,0.5167234
352342,0.0059495796
370880,0.51704687
353582,0.008361213
365163,0.5179143
371072,0.51798123
370165,0.51840365
367709,0.5191142
356043,0.002436364
359633,0.0022607495
358479,0.000115540264
376905,0.51977724
364299,0.00026686382
354258,0.0014087799
376999,0.5203582
361162,3.632053e-05
376882,0.5207086
359126,7.906849e-05
357817,0.00011948345
359110,6.7845256e-05
356792,0.0031828694
372263,0.5222764
359947,0.006649082
377640,0.5223825
366855,0.522515
367730,0.522827
375858,0.522967
377498,0.5233619
371369,0.5233982
370286,0.5235111
353867,0.09515737
353072,0.11659265
365884,0.5242549
358048,0.001249237
354944,5.677657e-05
371291,0.52454025
360529,0.0009590011
369473,0.52522975
361577,0.0013015678
358471,0.00062204554
363695,0.00094826304
361976,0.0002303325
367723,0.5260232
358717,9.673895e-05
377449,0.5261806
359393,0.0021612635
375792,0.5265146
369421,0.5276115
372787,0.5278174
365249,0.52782005
368550,0.5280139
373217,0.5285987
364703,0.0026109295
375791,0.52875113
357066,0.00094826304
369153,0.5287899
374500,0.52882415
361433,0.001888378
359636,0.00022493585
373473,0.5296809
361692,5.677657e-05
358197,0.00018609637
352715,0.013448914
360843,0.1321384
366957,0.53133935
376932,0.5313735
370518,0.5316312
362859,0.0042294944
371990,0.53235877
362478,0.37779844
365890,0.53301924
353243,0.00060303195
363128,0.0016215383
369021,0.53396267
360812,0.00018609637
355215,0.035019748
357628,0.0050237332
377927,0.535052
373070,0.53529245
363780,0.0002419014
364015,0.0021120652
358731,0.0033532302
356405,0.0002356291
370709,0.53588074
371083,0.5358895
374777,0.5360911
355522,0.00045238034
372891,0.5365462
372767,0.53672594
372329,0.5369262
371983,0.53734463
357692,0.005933181
353404,0.0043531735
377371,0.5391197
356050,0.010351242
372345,0.53959817
369597,0.5400296
367223,0.54019487
354792,0.0010460125
364447,0.1634254
353560,0.013317239
361698,0.004305379
353366,0.0001527529
362287,0.00028530433
373435,0.5412352
368996,0.54147
357457,0.0006179299
364135,0.0021751865
356054,0.052382592
366672,0.54247534
376810,0.5428567
371295,0.5432939
378427,0.5433655
357456,0.038408265
378231,0.54363346
372788,0.543634
376500,0.5436397
356307,0.0014028536
371293,0.5437866
377428,0.54399216
367557,0.54440856
361710,0.0032827565
355800,8.4591185e-05
369542,0.54483515
365782,0.54497415
356014,0.010397534
370140,0.5452117
367568,0.5462725
358462,0.0004888943
369962,0.5471283
354040,0.0028227055
365008,0.00044080138
367589,0.5481451
371781,0.5481549
372541,0.54937154
370260,0.5495452
371829,0.5501554
367548,0.55250365
373673,0.5531536
376511,0.55320346
358622,0.0007614046
356628,0.01257748
357079,0.0073508974
361123,0.00025611286
367591,0.5540295
356188,0.0016534628
355542,0.000457595
360559,0.0004599675
370931,0.5546548
360074,0.00010212918
366962,0.5546841
353074,0.0020968744
366700,0.55513424
370579,0.55531204
374738,0.5555747
377372,0.55590844
353359,0.0015163204
368406,0.55671656
354668,8.558219e-05
364035,0.09682934
374293,0.55744153
368404,0.55750954
371363,0.5579318
363862,0.002502818
357278,0.002436364
374615,0.5591521
368568,0.5591925
358847,0.00023369378
377478,0.56039095
359759,0.00071796885
358457,0.006620261
366873,0.56090194
357499,0.0028567065
353825,0.00049924443
367390,0.5613333
354212,0.038309157
367393,0.5616096
368850,0.5621682
356599,0.00022493585
377615,0.56284475
377784,0.56422514
370588,0.564342
352857,0.00040540623
377186,0.5646066
360600,0.00041688277
370580,0.56495285
365004,0.00018852063
371984,0.5651123
371992,0.56593233
366976,0.5661675
374926,0.56619626
355793,0.02804558
359774,0.0009714202
371614,0.5664307
367221,0.56649333
366247,0.5667778
359491,0.0015136343
360250,0.0006287486
372339,0.56753814
355570,0.0003415657
367302,0.5682334
353855,0.00039857088
367232,0.56861395
361707,0.015692746
368835,0.5693429
356924,0.0008603
370925,0.5694733
372792,0.5695716
359536,0.0015474698
364008,0.0045707803
371091,0.5701152
361308,0.0019313828
361018,0.0007614046
364672,0.15997642
357290,0.0009988943
373260,0.57198
374125,0.5722649
358480,0.0007583184
369957,0.5727949
355900,0.0003473587
365800,0.5728209
363776,6.836156e-05
360090,0.0055285096
365885,0.57342374
370570,0.57358056
370926,0.5736017
352480,0.027623706
353201,0.00050244684
353541,0.0011799594
366109,0.5749737
359731,0.03219729
366504,0.5756727
377482,0.57575387
360849,0.00018852063
372546,0.576072
361021,0.00024821164
354238,0.00072256674
353569,0.0005344435
369313,0.57666844
357216,0.0007682564
376894,0.5768355
375916,0.5774374
369993,0.5776258
361010,0.003942007
371068,0.5790246
360588,0.01259247
368588,0.5796853
375909,0.5797606
352693,0.37779844
369303,0.5802005
366088,0.58056533
360039,0.004591788
367007,0.5815999
353864,0.006090492
358453,0.086421646
354431,0.0048259073
353065,0.0065968833
367590,0.58289135
353383,0.0074834884
367922,0.5836115
358220,0.041335836
356018,3.8439644e-05
360077,0.0027966418
366239,0.5841288
365253,0.5849298
376867,0.5853017
369970,0.5853097
366257,0.5855399
354453,0.00010377422
359382,0.00017328371
354622,0.0020810885
374329,0.5862039
374915,0.5867517
354947,0.00091695174
366678,0.5874055
360094,0.009534425
378406,0.5876682
354402,0.0034805553
372887,0.5878501
366684,0.5881382
378067,0.58846146
354435,0.00723537
359767,0.0042335973
358568,0.0066903727
356075,0.028080866
359771,0.0074768686
370255,0.5897801
367017,0.59012526
369429,0.5905385
368825,0.5918185
352870,0.04191767
363740,0.0073508974
366691,0.59230405
357658,0.00018609637
357119,0.0005211912
353407,0.03834515
374425,0.5934566
362727,0.03834515
354596,0.0007452367
362233,6.539719e-05
361117,0.005329174
375304,0.5945104
368187,0.59451365
355672,4.2283486e-05
378379,0.59543806
372320,0.5956222
354061,0.00055596884
365582,0.5965723
357521,0.001142824
375174,0.596933
371283,0.59696716
364788,0.0017274331
355379,0.00025272276
363341,0.0014087799
374713,0.5978855
366973,0.5980356
370749,0.5980827
358454,0.02804558
372164,0.5984749
354643,0.001249237
371649,0.5986431
359657,0.001249237
372351,0.5989745
369321,0.599704
361025,3.0941927e-05
371078,0.5999273
366002,0.5999742
363032,0.1341786
354024,5.677657e-05
368970,0.6005694
377360,0.6006358
356249,0.010625774
371960,0.6013098
352683,0.016319279
368071,0.60139614
363317,0.008858439
359680,0.028080866
365565,0.60174936
359121,0.016313653
353399,0.0011743361
369956,0.6023319
359220,0.00045247824
367394,0.60334927
360492,0.026870202
367844,0.6037779
353041,0.00022493585
352465,0.0001527529
360393,0.11006109
368291,0.6048911
363868,3.8439644e-05
358276,8.4390485e-05
354229,9.2234215e-05
375754,0.6063161
358233,0.03834515
356734,0.0007583184
372882,0.6081592
366202,0.6084475
357109,0.0034785562
367877,0.6085595
369478,0.6086639
365732,0.6089055
366116,0.6092207
356399,0.013805373
376879,0.60961246
358410,0.0060762204
362207,0.0040555415
361989,0.000619979
370282,0.61187696
361865,0.022177847
358211,0.0074834884
357445,0.001471638
375562,0.6126074
355780,0.013805373
357095,0.0029627767
369794,0.61358976
359856,0.00018410887
352309,0.00034841007
375910,0.6146925
372137,0.61470205
372904,0.6151058
366250,0.61532986
358974,0.016319279
369146,0.61590785
363152,0.01259247
361715,0.00020757073
378237,0.6164354
357281,0.00023473824
359675,3.0941927e-05
362296,0.016990397
371092,0.6170987
364496,3.632053e-05
372802,0.6173846
359263,0.030362258
371617,0.6179209
369959,0.61823547
377647,0.6183202
357262,0.0008160209
355538,0.0074834884
355899,6.539719e-05
368676,0.61916065
360991,0.0146288965
373373,0.6195813
364012,5.677657e-05
373218,0.6200142
364639,0.07157613
371961,0.6202236
358456,8.4591185e-05
367228,0.6203351
354667,0.016990397
358725,0.0037337064
367742,0.6222301
370591,0.6222737
371060,0.62238175
376877,0.6226985
372359,0.6230698
357567,0.0022607495
363039,3.632053e-05
377338,0.623719
375778,0.62372553
372252,0.62388206
356411,0.0029627767
359950,0.002214009
352684,0.0021202767
366668,0.62456346
375920,0.6249873
369300,0.62499404
368281,0.6251184
364286,0.0018025279
359481,0.0021202767
355731,0.00071796885
375369,0.626494
361277,0.0011066968
360233,0.0005036521
374734,0.6269149
376446,0.6269293
354573,0.007291931
378078,0.62716657
360082,0.0005211912
372247,0.6279977
358846,0.0018354224
354935,6.7845256e-05
368863,0.6300097
356644,0.00036544574
355901,0.006649082
360249,0.00021885156
364669,0.0021202767
360653,6.539719e-05
356783,0.007895371
361299,0.008361213
358769,0.092331916
376502,0.6333335
352872,0.01787426
377791,0.6338934
364689,0.0015136343
373182,0.6352304
353394,0.0013494586
357852,0.00014053719
368041,0.6365989
364993,0.01150643
355382,0.00049924443
373991,0.6370096
353870,0.002578812
364709,9.624466e-05
356173,0.012198464
364743,0.00013407695
373971,0.637485
378060,0.6380378
363477,0.00021521746
370718,0.6387769
364779,3.0941927e-05
357320,0.0046350607
356749,0.07864131
363764,0.06997003
360789,0.043780684
360281,0.044759408
358996,0.0054634316
368091,0.64144665
357319,0.0026094995
354799,9.513454e-05
368953,0.64193445
358983,0.0008781922
368739,0.64253604
365447,0.64331317
377627,0.64332783
353571,0.40438804
369442,0.6435777
370906,0.6436952
361442,0.01683503
353405,0.028291088
355911,0.00060303195
372793,0.6446395
358451,0.016319279
362074,0.0060762204
361565,0.00039857088
371962,0.64501107
355789,0.0061088544
354959,0.0028227055
369550,0.6456408
355221,0.000115540264
365295,0.6463609
357300,0.00088926364
371082,0.64713657
369337,0.64753926
368053,0.6476082
374123,0.6478105
367391,0.6481579
356637,0.006996069
373773,0.6482431
376100,0.64836097
371408,0.6487324
359819,0.0007583184
359369,0.07877391
362850,0.005329174
371415,0.64936316
358026,0.0040555415
369807,0.64975655
353056,0.00038424466
368429,0.6501921
368418,0.6502026
377205,0.65046346
355404,0.05294823
374622,0.65117294
372341,0.65119606
364994,0.023438504
365457,0.65200454
377632,0.6520861
355915,0.0006734475
378377,0.65280396
364458,0.10856051
365384,0.65300804
374446,0.6533776
376102,0.65384394
375780,0.6540878
372324,0.6541621
354256,0.0007614046
355183,0.0013788792
355501,0.020786788
364612,0.04405676
364898,0.0010114363
368269,0.6547869
365208,0.6553336
354178,0.092878915
357092,0.00026485857
356639,3.0941927e-05
355150,0.001471638
375299,0.65798056
369018,0.6580813
362151,0.029232565
362468,0.0018874821
371815,0.65879184
370818,0.65900576
360786,0.00012250543
367364,0.6594648
367546,0.659883
370924,0.65997475
377651,0.6602696
355519,0.0008676113
369980,0.66078055
377490,0.6608522
361437,0.0146288965
356313,0.00060303195
369795,0.6612454
356422,0.00053365366
369983,0.6626561
364047,0.03609519
376355,0.6635029
378388,0.6636658
367205,0.6642868
371420,0.6645814
356229,0.00013238566
352888,3.632053e-05
352877,6.539719e-05
360854,0.03609519
359376,0.0069096335
371598,0.66590035
356120,0.00038601688
359384,0.040036738
370576,0.6676261
352507,0.0072822487
360049,0.00036346377
355725,0.00080653426
371604,0.66884214
361146,0.00027566415
373378,0.67054176
376920,0.6711483
360990,4.580565e-05
358980,0.01259247
363682,0.20253356
371826,0.6723117
361867,0.00062204554
352332,0.0007614046
370592,0.67328
356315,0.005427638
374824,0.674618
369606,0.67481333
372332,0.6750156
368058,0.6754042
363738,0.0013845513
367891,0.67603076
368264,0.6762334
366716,0.6762624
364252,0.0014144597
375436,0.6767203
364767,0.0014087799
367899,0.67696166
377786,0.67724186
363036,0.001568501
374146,0.6778312
353083,0.00073073525
373685,0.6784438
361996,0.0007583184
354613,0.002436364
353231,0.002578812
361141,0.013226307
357122,0.035019748
352886,0.0006734475
355216,5.731928e-05
357788,0.008393342
378303,0.68243396
359116,0.0005211912
358987,0.0026109295
378381,0.6831655
354565,0.0003327854
368437,0.683631
353851,6.874098e-05
367180,0.6838775
358029,0.00307903
368097,0.68411887
356962,0.0014028536
377001,0.6848411
355549,0.0028227055
370734,0.68585426
372264,0.6860551
359143,0.0003415657
355773,0.0013015678
362488,0.00062204554
372230,0.6871223
352557,0.00073848135
354951,0.000457595
371610,0.68773544
373983,0.6879389
354048,0.0023858221
354971,0.61071306
366526,0.6885459
366663,0.6886968
355812,0.00041688277
377738,0.6896905
367925,0.6897237
360066,0.0029627767
365728,0.6905963
370695,0.69074553
373949,0.69083
371265,0.6911827
371404,0.69121116
372131,0.6919777
373344,0.6920893
370909,0.692475
367004,0.6925074
370896,0.69312084
368267,0.6933356
357519,0.5483685
359373,0.00028179836
374456,0.6948615
377796,0.694911
361721,0.00088465645
363439,0.002065246
376638,0.6958781
360235,0.060772438
356288,0.0060762204
372896,0.69653064
363684,0.0011799594
368260,0.69700295
360825,0.0005211912
354778,0.0005333353
358192,0.01683503
375171,0.69819343
373796,0.6984228
364748,0.0007614046
367511,0.6991213
369877,0.6992323
367930,0.6994115
371375,0.6996421
366095,0.6997134
375307,0.6997203
375028,0.6998943
367023,0.7000996
369329,0.7002787
360661,3.632053e-05
371980,0.7008473
366987,0.7014157
354471,0.00035388028
356221,9.513454e-05
376086,0.70252484
363322,0.0052853283
375587,0.7028648
374582,0.7034674
371989,0.7042075
366885,0.7046962
377504,0.7050224
361851,0.00723537
366492,0.70563495
373214,0.7057018
367719,0.70573616
377898,0.70581204
369793,0.70611966
372679,0.70653623
370157,0.7070861
363446,0.12411779
367365,0.70758176
368287,0.70770335
356941,0.00039857088
360040,0.038408265
363336,0.00056819856
361147,0.0013015678
357084,0.0002356291
376338,0.7090659
356957,6.539719e-05
371811,0.709218
355787,0.69406873
360065,0.0048259073
378187,0.711038
373669,0.71115696
364475,0.010920261
373424,0.7117522
367183,0.7121832
374590,0.71218884
355431,0.00027207265
368270,0.71264726
361261,0.011769654
359227,0.005575297
353561,0.00021631892
360601,0.00062204554
355373,0.00022493585
373680,0.7134285
374779,0.71396804
363020,0.002578812
356179,7.906849e-05
353857,0.7461036
368987,0.71545696
369777,0.7155778
377194,0.7156472
371967,0.71567374
369585,0.7161502
358212,0.0005035717
352859,0.06350032
360592,0.0005771352
375296,0.7173256
367927,0.7173611
364196,0.0014028536
378249,0.7178752
355212,0.0012862025
373104,0.7189491
364295,0.01199663
372563,0.719502
375313,0.7198629
371613,0.7202798
369315,0.7203518
356774,0.0028227055
374914,0.72076434
374604,0.7212147
367336,0.7214564
354798,0.0009100015
352658,6.3422136e-05
363773,0.00041688277
356408,0.0021202767
375912,0.72430104
356420,0.0027966418
354470,0.15879552
375147,0.72515935
358444,0.00018248681
356746,0.0007169098
369810,0.72582614
369034,0.7259207
364006,0.0001527529
378384,0.7264802
354850,0.00060303195
362005,0.00021118608
352488,7.906849e-05
368718,0.72785646
355884,0.5915254
374764,0.7280306
363307,0.0040555415
374432,0.72837144
365191,0.72884595
363123,0.001471638
377779,0.7293134
358620,0.002616037
365126,0.72972256
362701,0.019732857
368196,0.7299751
354675,0.00027207265
376477,0.73014253
354658,0.0007614046
352501,0.0018354224
360290,8.1316066e-05
378101,0.7314638
369450,0.7320187
361313,0.00023853967
376116,0.73302984
371772,0.7331103
363755,0.00067913934
356052,0.005673832
366078,0.7333897
369631,0.7336205
356779,0.09682934
372556,0.7348997
356634,8.1316066e-05
375918,0.7351056
365009,0.03609519
371584,0.7354062
361234,0.0003047969
378409,0.73583585
363914,0.0007614046
357889,0.0013015678
360839,0.0018435603
364478,2.2097749e-05
369470,0.7385368
367551,0.7387107
357484,0.0008810107
354795,0.004863061
360406,0.00033401034
365900,0.73996943
365776,0.7399915
372085,0.7400961
354039,7.906849e-05
377766,0.74061465
362175,0.00029418792
359650,0.005673832
363465,6.539719e-05
363282,0.00019134389
357493,0.00723537
354807,0.004314958
372107,0.74203265
362246,0.001568501
372282,0.7428021
376865,0.7428417
367536,0.74284786
363154,0.00068357564
365314,0.7435964
361547,7.345049e-05
375285,0.7438886
374556,0.7441719
360598,0.008361213
373480,0.7445071
377931,0.7445235
365602,0.74496126
367495,0.7449924
357513,0.00023044056
368289,0.74568343
370249,0.7462962
366870,0.7462992
373445,0.74630094
365437,0.7466964
374139,0.7470913
367384,0.7475942
357285,0.016220994
356944,0.053841665
371255,0.748149
366107,0.74855834
357441,6.928365e-05
364167,6.40875e-05
357067,0.038408265
370545,0.7493907
372534,0.7495947
360075,0.008361213
368973,0.7496456
372125,0.7497592
364194,0.00053725793
371597,0.7504956
373106,0.7505868
365594,0.7506797
366098,0.75079566
367566,0.75134975
366263,0.7514893
359113,0.0059579075
371105,0.7517188
377618,0.7519167
366100,0.75194913
370929,0.75198394
360269,0.01683503
356614,0.011032825
376233,0.7528949
363033,0.0015630443
355178,0.0021202767
367400,0.7543984
353556,2.6716796e-05
354855,3.632053e-05
367910,0.75568163
354401,0.001471638
355417,0.0046350607
354817,0.034404345
361290,0.37779844
369476,0.7573526
376243,0.7574027
360646,0.0037337064
376486,0.7582288
366101,0.7585886
354022,0.0008216618
357094,0.0048259073
373928,0.7591464
368256,0.7594162
354826,0.00027566415
359782,0.006090492
373447,0.76019126
366860,0.76028126
369588,0.76034266
366804,0.7608242
368433,0.7613867
361718,0.00033401034
359784,0.0013015678
375599,0.7618585
361828,0.0016024063
361306,0.11425845
364721,0.031629816
369586,0.7623655
357091,0.02804558
364999,0.03834515
362918,0.09250861
367522,0.76421547
366974,0.764445
373823,0.7645348
375195,0.764609
371657,0.7646641
361263,0.0006179299
365747,0.7651061
358600,0.0012169668
356390,0.036928516
364182,0.006090492
353587,0.00053365366
376120,0.7664622
364251,0.0034805553
373824,0.76675075
363730,0.00031519344
363288,3.8439644e-05
362243,0.009924487
355741,0.0059201764
355677,0.0022663074
359223,0.0004917139
368594,0.76820916
360827,0.00038774512
371621,0.76856893
355565,0.0016534628
370701,0.76965135
375622,0.7698886
365867,0.7711775
360951,0.00045247824
356057,0.001249237
374602,0.77189934
367920,0.77230424
360260,0.0027625167
358237,0.0018354224
372877,0.77311957
371593,0.7731693
360597,0.0008781922
364048,0.017434413
357893,0.006649082
355166,2.6716796e-05
372326,0.774353
375908,0.7753832
353229,0.0013015678
370103,0.7756006
368402,0.7759198
369180,0.7762824
355168,6.913884e-05
372103,0.7773513
367898,0.77758
375126,0.7776637
367735,0.7782756
359272,0.0007614046
368677,0.7787092
369174,0.77880096
368012,0.7788907
374576,0.7789213
373953,0.7793129
369308,0.77949256
354452,0.039481226
370209,0.7800939
365187,0.7801141
363757,0.0029627767
378414,0.7807591
377807,0.78079814
355678,0.038408265
370147,0.7810431
367220,0.78114307
374558,0.78124624
375294,0.7816003
370270,0.78187144
352305,9.2234215e-05
372557,0.78283393
372133,0.7830614
357907,3.632053e-05
358256,0.0007583184
358956,0.001471638
352280,0.00021885156
358213,0.008718655
358693,0.020217195
372110,0.7855397
373472,0.78558767
376191,0.78569907
355633,0.008393342
357093,0.00067913934
368240,0.7857477
362220,0.0146288965
362477,0.01259247
362717,0.0039259847
371097,0.787865
359222,0.0066903727
358988,0.00062204554
372102,0.7891461
372249,0.7896463
354796,0.0059201764
357688,0.28996554
366665,0.7902635
356187,0.0018354224
354978,0.00025348703
372895,0.790665
368403,0.7909713
367214,0.7909908
364643,0.0066903727
356757,5.677657e-05
369549,0.79211533
361556,0.001625953
352816,0.00075701985
375857,0.7923673
374905,0.79319006
361459,0.0014087799
369006,0.793323
367192,0.7934269
368839,0.7937096
365462,0.7939097
375318,0.79411656
375781,0.7941173
376878,0.7941829
360810,0.00069234637
377471,0.79490197
371362,0.7950264
365434,0.79545677
352494,0.021149017
363467,0.0021612635
356617,0.049504995
373468,0.79679704
363759,0.00723537
372736,0.7974276
376454,0.7980711
352320,0.0001325802
368415,0.79843587
367005,0.7992018
362127,7.345049e-05
367908,0.79938084
362941,0.01122221
358592,0.0062516574
364722,0.0015411467
374289,0.80009925
373681,0.80085963
373653,0.8011579
371788,0.80116683
359849,0.0028227055
378419,0.80132735
359385,0.0037337064
368864,0.80189383
352871,0.00015495592
368600,0.8027906
360064,0.02804558
367884,0.8029626
355532,5.677657e-05
374787,0.8033636
368061,0.80343527
366706,0.8035307
367886,0.8037624
372232,0.8037721
375040,0.8043069
360513,0.0011799594
365168,0.804424
363315,0.0034805553
352301,0.00062896445
366205,0.8054741
353030,0.0015599978
357098,0.0009988943
376886,0.8072291
359851,0.0018586011
355745,0.001888378
367613,0.80858797
361863,0.00041688277
354014,0.01092223
358452,0.0021202767
372340,0.8096529
366509,0.8098461
367571,0.8099832
363906,0.00012634054
378396,0.8105119
371084,0.81051373
372902,0.8106023
365534,0.8106509
378251,0.8109326
369599,0.81119365
356594,0.0022607495
378405,0.81131196
353054,0.052382592
375301,0.81154126
354847,0.015267113
363453,0.00039857088
370737,0.81181496
358602,0.0014478395
376083,0.81186634
361847,0.0021202767
358193,0.0001527529
372898,0.8132636
361855,0.01259247
352316,0.00037918388
360043,0.036928516
373816,0.8152419
356602,0.0025151381
360730,0.092331916
364493,0.0003910232
368222,0.81626755
365442,0.81644326
352874,0.0013015678
353198,0.00080653426
371065,0.81730187
370288,0.81751263
362486,0.00041688277
368085,0.81812495
368425,0.81832165
371633,0.81832576
368834,0.8185882
375166,0.8187729
358463,0.062199067
373827,0.82026166
357475,0.018093226
373965,0.82045645
374296,0.82072294
356304,0.0003473587
377629,0.82107407
365751,0.8212051
373123,0.82128817
372743,0.8214138
367932,0.8214888
367540,0.82195604
362245,0.0006734475
364976,0.0054961615
374327,0.82298553
366930,0.8230052
358232,0.09682934
368432,0.8234151
364963,6.593031e-05
369798,0.8234952
366871,0.8243085
366515,0.8243752
369546,0.82452005
375473,0.82503074
355193,0.0015136343
375310,0.8259336
366066,0.8263424
358466,0.0008781922
358709,0.0019832794
362824,0.00011948345
355152,0.00018487021
372711,0.82727903
377638,0.82769734
370891,0.8277414
368559,0.8280736
367879,0.8283112
362155,0.008928642
357314,0.001031939
371079,0.82895786
372096,0.8291929
360976,0.00013648668
359681,0.00036544574
376504,0.82960045
353831,0.05887725
353596,0.013448914
354967,0.0023383864
355201,0.039481226
373469,0.83048856
373371,0.8305532
361463,0.08813718
356776,0.00020616087
356186,0.00018410887
376512,0.83175504
369805,0.8317782
372241,0.83238065
375048,0.83241826
360402,0.09682934
357670,0.0008216618
371387,0.8328754
362132,0.10856051
360590,0.06997003
375452,0.833862
355182,0.008989901
370164,0.83460796
364480,0.0013015678
374927,0.83496374
362219,0.00013798331
362926,0.0146288965
377183,0.8360331
364309,8.4591185e-05
369487,0.83675075
370257,0.8369112
364044,0.0018354224
371281,0.8374317
362470,0.0021202767
356189,0.00025348703
376832,0.8374831
367753,0.83847785
355458,0.0072224475
358736,0.00015964333
367711,0.8389634
370573,0.83900094
359603,0.00045247824
378083,0.84022474
364961,2.3980841e-05
361294,0.0004888943
373984,0.8409878
354950,0.00052268343
370910,0.8412261
368720,0.84219253
369004,0.8425993
373258,0.84265554
372331,0.8430982
358836,7.906849e-05
354652,0.11659265
363153,0.0015136343
352660,0.0002886524
359361,0.0001627378
369804,0.84426796
361709,0.11926405
356386,0.004591788
357850,3.204528e-05
364776,0.00051131495
365167,0.84484607
372323,0.84486425
375924,0.8448877
361849,0.00067913934
376323,0.845977
374455,0.8459833
376888,0.84651864
372769,0.84684855
374316,0.84759635
353178,0.012512103
374603,0.8477748
367363,0.8478947
375321,0.84827024
376839,0.84836096
367926,0.8488457
370188,0.8488894
374259,0.84892297
354449,0.008361213
356426,0.0012862025
364633,0.0018874821
364030,0.0018586011
369017,0.8510248
372226,0.85114336
366994,0.85138863
356600,0.002436364
376096,0.85249084
367215,0.85285443
370885,0.8531036
355759,0.001181345
360581,0.002319909
361312,0.0026406092
367553,0.85380924
352520,0.0007682564
362724,0.015692746
367887,0.854725
362003,0.03834515
366986,0.85490197
362869,0.013226307
355203,0.00010377422
370552,0.8556883
361114,0.0001627378
353084,0.0034805553
373380,0.85612684
373248,0.8563004
369605,0.85639524
369151,0.85655105
360556,0.002275299
368750,0.85698324
359130,0.04720235
358624,0.0014087799
358265,0.0019156118
356932,9.513454e-05
375454,0.85822976
361827,0.00094826304
369788,0.85840076
357709,0.0018354224
375594,0.85916376
358438,0.0018025279
368290,0.859262
358206,0.003419126
375284,0.86015856
365324,0.8603112
370251,0.86042273
366865,0.86062336
359132,0.005195684
377713,0.86125207
355917,3.632053e-05
356606,0.0146288965
366844,0.86249095
371228,0.8626932
368230,0.86272943
361685,0.00018609637
373428,0.864796
355794,0.0048259073
369938,0.8659223
358431,0.00040540623
359625,0.0015599978
369448,0.8664984
358833,0.002193429
355395,0.00037918388
363479,0.0075602103
373822,0.8676947
369790,0.86779195
376896,0.8682195
372805,0.86826795
364179,0.0037337064
371629,0.8690605
365759,0.8692964
368988,0.8693566
361551,0.010625774
378240,0.8694652
357282,9.2234215e-05
361262,0.00094826304
377362,0.87006664
354938,0.038408265
355769,0.006090492
362101,0.00023161861
362301,0.08813718
376489,0.87137705
364462,0.0074768686
368373,0.87178314
376326,0.87195146
362176,0.0066903727
368392,0.87203
368248,0.87204874
364172,0.0018137809
366087,0.87225443
367233,0.8722799
371774,0.87229276
376754,0.87251663
370210,0.87288547
363754,0.02804558
356421,0.00010377422
371643,0.8732326
375904,0.87411433
368411,0.8745523
377958,0.8745875
366278,0.87482613
365591,0.874946
371819,0.87528676
367408,0.87554234
354143,0.008393342
370246,0.8756983
369987,0.8758461
359135,0.03834515
367561,0.87610364
361569,0.0037337064
369178,0.87681717
367173,0.87690413
356911,0.0005333353
373963,0.877019
356890,0.00041601833
375760,0.8776897
356044,0.006815674
373267,0.8791728
359270,0.0035714624
370567,0.88038945
357223,0.007928942
372965,0.88076264
355895,0.002578812
374751,0.8812189
366505,0.8814326
352493,0.0018586011
356182,0.0018586011
353885,0.00060303195
357527,0.15879552
376359,0.88239866
363480,0.0003659291
357902,0.00060303195
354468,0.013448914
356065,0.11659265
358734,0.0021612635
366869,0.88421816
363866,0.0004917139
363319,0.0001791878
371094,0.8850443
374940,0.88515794
361006,0.20326304
374607,0.88543063
373466,0.88559574
363898,0.022121483
367754,0.8859445
367413,0.8861537
352302,0.10373304
364203,3.632053e-05
365599,0.88668215
368413,0.8870954
365189,0.8871699
358742,3.632053e-05
352865,6.874098e-05
368192,0.8879566
357288,0.00094435987
358984,0.008361213
357869,0.00929876
367532,0.888853
359507,0.0054634316
366092,0.8893211
366983,0.88932645
365597,0.88936335
354459,0.0002419014
370280,0.88957584
377365,0.88960654
363161,0.00053365366
368838,0.890056
378054,0.8902199
371088,0.8906792
362473,0.00067913934
374581,0.8908076
367699,0.8912164
377901,0.89143884
355567,0.00025348703
363752,0.0021202767
352344,3.0941927e-05
364631,0.0013618629
358282,0.00060303195
374739,0.8937289
357883,0.020578062
363121,6.928365e-05
360395,0.0008160209
360594,0.062199067
376876,0.8949277
358157,0.00056123233
362734,0.03609519
370565,0.8957833
360645,0.00011712042
370584,0.8965754
354044,0.00020616087
375896,0.89683926
371778,0.89715946
362461,0.001888378
364032,0.1321384
375037,0.8979416
367740,0.8985773
356569,0.0066903727
377735,0.8988519
376350,0.8994708
376912,0.8995826
356387,0.038408265
357863,0.0059201764
368569,0.90014285
375922,0.9011967
356369,0.0016304394
362230,0.002578812
354576,3.8439644e-05
376112,0.90246063
358467,0.008361213
376234,0.9028506
356756,0.0008216618
356033,0.0015599978
366650,0.9037212
371813,0.9042428
376993,0.9044421
373515,0.9047258
354962,0.0002881613
369274,0.905091
366124,0.9059508
364978,0.007151993
359860,0.0031828694
375303,0.90713906
368731,0.90738547
365570,0.90815645
370542,0.9083056
371376,0.90873116
370158,0.9093828
366886,0.90953493
375264,0.90960383
362872,0.0013015678
374078,0.90968984
366097,0.90984166
357077,8.5954736e-05
360575,0.00017436518
353227,0.00027566415
358061,0.0007614046
364699,0.001124255
358223,0.0028227055
369978,0.9125316
368421,0.912572
374928,0.91259736
375588,0.9129653
366850,0.9135472
367902,0.9135491
356565,0.00045247824
362929,0.0026109295
361012,0.013769653
375295,0.9147264
370577,0.914842
361861,0.008361213
372554,0.91566473
368604,0.9157425
358269,0.00019997553
353166,0.043780684
377331,0.9167014
362223,0.01683503
367189,0.917241
359495,0.008361213
374788,0.9174927
360226,0.00045247824
363697,0.0006179299
363338,0.0046350607
370098,0.9180318
371586,0.91830915
363696,0.00040540623
365440,0.91883373
352470,6.7845256e-05
376333,0.9191927
374448,0.9192283
378071,0.91938984
378189,0.91948265
360855,0.0003549173
374313,0.9200087
365609,0.9203349
355563,0.0018354224
359494,0.0008781922
370181,0.92094386
357887,0.00027566415
362284,8.1316066e-05
366276,0.92149043
357112,0.00041688277
359673,0.016990397
367015,0.92211974
362149,0.00015495592
353075,0.030234309
366843,0.92310554
367565,0.92310655
359370,0.010625774
363129,0.011163315
355905,0.0014028536
371370,0.923384
363146,0.01398738
363160,0.00062204554
357347,3.0941927e-05
356119,0.03219729
357103,0.0015136343
355559,0.03834515
374755,0.9271641
366105,0.92717314
365408,0.9272507
369159,0.92753524
375453,0.9277827
355671,0.001471638
361460,8.1316066e-05
357058,0.20253356
354415,0.0007689173
368238,0.9289655
371294,0.9290189
357068,0.00040540623
368558,0.93025124
354672,0.03089569
361575,0.00027566415
370693,0.9306916
371780,0.93094856
370553,0.9314245
373974,0.93142706
367695,0.9314508
354234,0.17416294
366692,0.93273604
353578,0.0015136343
360955,0.007928942
362203,0.15997642
364311,0.012917955
372875,0.93378794
362214,0.045102097
371035,0.9338038
364479,0.00043773002
357286,0.00049924443
353403,0.0018586011
373623,0.93434256
369191,0.93509245
370274,0.93533224
358005,0.00723537
369976,0.9359077
372128,0.93722564
375191,0.93728113
369463,0.93752414
358844,0.00401024
376094,0.937629
369942,0.93773687
365783,0.9377681
375903,0.9378017
365607,0.9378267
374912,0.93810266
374931,0.93812877
355734,0.0010460125
355523,0.0045707803
364995,0.1321384
376680,0.938796
364314,0.06997003
375621,0.9391863
368590,0.9392374
354235,0.0146288965
376674,0.94020665
361432,0.09311322
376487,0.94139874
376046,0.94149023
364022,7.906849e-05
359626,0.00021885156
362480,0.0015136343
355792,0.0021202767
358842,0.09682934
374783,0.942298
368265,0.9430756
366523,0.9432382
364036,0.03834515
368978,0.9434984
354027,0.00091695174
369152,0.94454986
359389,0.06757511
370381,0.9451203
363923,0.028080866
352508,0.0033526325
376449,0.9463189
359827,0.0001527529
368266,0.9467693
358006,0.0066903727
372964,0.94773906
364333,0.15879552
364775,4.4339e-05
365784,0.94833165
361720,0.03609519
356777,0.0018586011
356070,8.1316066e-05
369422,0.94915867
361999,0.0241106
360278,0.003942007
352282,0.0008160209
366240,0.94942904
371074,0.94946635
355134,2.566863e-05
362144,0.00017328371
356959,0.0021612635
353558,0.12715755
354958,7.906849e-05
362860,0.00015843063
374906,0.9525225
360271,0.00030768765
374773,0.9529573
360582,0.05821107
353416,0.0022607495
371089,0.95312613
376422,0.9532898
370558,0.95344347
358059,0.0046350607
356953,0.0013015678
354801,0.04645025
364320,0.0008781922
360468,0.0060762204
365616,0.9543517
368587,0.95435876
370169,0.9543831
372259,0.9544807
376488,0.95468765
377448,0.95510954
356225,0.0074768686
376670,0.9554057
370748,0.95570564
352699,0.062199067
356183,0.023438504
364996,0.015692746
362174,0.0007945896
362449,0.0030798847
366495,0.95682
372673,0.9571442
356960,0.00078485964
373658,0.9573274
367338,0.95733756
359960,0.005427638
371378,0.9574345
376328,0.9581788
378306,0.9583412
372815,0.95840293
366058,0.958698
372346,0.9587161
356771,0.2978926
362928,0.052382592
357897,0.00025350394
369305,0.9603554
359400,0.00038507138
352331,0.0003659291
365416,0.9614343
360287,0.0007614046
362925,0.010351242
357101,0.006620261
353045,0.00013253065
361826,3.560277e-05
367512,0.9628595
362895,0.0004917139
356753,0.12147668
359488,0.01259247
373113,0.9633976
368252,0.9634969
354421,0.013805373
368409,0.9636784
375761,0.96378845
362241,0.049067315
361140,0.0037337064
373102,0.96459526
372688,0.9648583
377576,0.96504724
361124,0.10856051
369638,0.96547234
369345,0.96549374
370250,0.96569663
353080,0.00028530433
356388,0.0006179299
365267,0.9672301
371656,0.96746105
358260,0.002578812
354939,0.015520571
353833,0.0013561113
353550,0.038408265
367236,0.9690146
359253,9.2234215e-05
367573,0.96915853
364718,0.0026109295
375469,0.9693703
375921,0.96961826
355527,0.009432907
363168,0.0025710282
360251,0.0003213961
363038,0.0013562132
368727,0.9720903
361269,8.5954736e-05
355413,0.11659265
368849,0.9727928
371751,0.972821
354606,0.016695378
375194,0.9728434
358981,0.0015136343
362469,0.068591595
364031,0.091858186
374447,0.97370845
368253,0.9741733
365431,0.97491544
359853,0.09682934
360294,3.0941927e-05
370272,0.9753424
368424,0.97553706
367928,0.9755851
373439,0.9760135
364472,0.00015495592
359831,0.07864131
368410,0.97699964
353043,0.10373304
355748,9.513454e-05
365443,0.9776953
367720,0.9778687
375625,0.97792965
368438,0.97805786
355770,0.00027566415
367918,0.97860086
374119,0.9788749
361129,0.0074768686
364305,0.00067913934
355123,6.421842e-05
367399,0.9797365
359956,0.00060303195
352522,0.0003415657
355679,0.036928516
374605,0.98035234
365199,0.98045564
375465,0.9805303
353247,3.632053e-05
360230,0.0066903727
371551,0.9816194
376892,0.9817527
358459,0.0015136343
368186,0.9821893
373821,0.9828756
371262,0.9833548
354430,0.0021202767
354756,0.03219729
376081,0.9835748
356180,0.0028227055
369969,0.9850616
357525,0.013448914
371638,0.9854907
352710,0.0012862025
368218,0.985828
364628,0.011612254
369817,0.9862196
374465,0.9862247
358625,8.1316066e-05
359608,0.00016422397
352495,6.980237e-05
365740,0.98702794
361150,0.002578812
356642,0.028080866
361028,0.12781802
365608,0.988286
373120,0.98874766
354423,0.005602176
359391,6.539719e-05
360273,0.030362258
357510,0.008361213
368657,0.9907179
369613,0.9907652
374310,0.9909549
367537,0.9910044
361287,0.01259247
374427,0.9914106
368976,0.99151224
376345,0.9917233
362451,0.0135655245
363124,0.0011314534
356610,0.00038424466
373453,0.9930781
377494,0.99340504
377460,0.99343514
370267,0.993685
363147,0.00067913934
376649,0.99401236
359858,0.0016534628
377776,0.9940719
356413,0.006620261
368700,0.99426067
366673,0.9943383
357474,0.00063385686
358610,0.049504995
377924,0.99504375
357904,0.00020049082
363583,7.906849e-05
369824,0.99612856
357275,0.00022493585
377350,0.9964768
371595,0.99651426
353051,0.004185474
357676,0.00038774512
371792,0.99710727
360534,0.0018325853
364485,0.00017004354
363155,0.008361213
368710,0.99969375
358067,3.0941927e-05
372119,0.9999778
